frame,type,left,reference,left_label,reference_label,iou
adasind_152940.jpg,mismatching_attributes,2,1,Bike,Bike,0.799
adasind_152940.jpg,missing_annotation,,2,,Bike,N/A
adasind_152940.jpg,missing_annotation,,5,,Truck,N/A
adasind_152940.jpg,missing_annotation,,6,,ThreeWheeler,N/A
adasind_167700.jpg,mismatching_attributes,6,6,ThreeWheeler,ThreeWheeler,0.875
adasind_167700.jpg,mismatching_label,2,4,Truck,Car,0.834
adasind_167700.jpg,extra_annotation,5,,Bike,,N/A
adasind_167700.jpg,missing_annotation,,2,,Bike,N/A
adasind_167700.jpg,missing_annotation,,8,,Truck,N/A
adasind_167700.jpg,missing_annotation,,9,,Bike,N/A
adasind_212280.jpg,mismatching_attributes,3,3,Bus,Bus,0.925
