round,slice,frame,object_ref,cell,what,why,severity,owner,rule_id,evidence,action,rules_version,note
calib,C0,adasind_019560.jpg,R4,na,MISSING,E0_reference_defect,P2,annotator,R08,"Phương tiện nằm sâu trong mái hiên/ki-ốt ngoài không gian lưu thông",keep_with_reason,v1.0,"Không gán xe dựng sâu trong nhà theo quy tắc không gian lưu thông"
r2_qa,B3-center,adasind_152940.jpg,L_ego_body,L_only,IGNORE_SCOPE,,P1,qa,R09,"Polygon ego_body bao kín phần tay lái/gương xe camera và không vi phạm ngưỡng phủ >=50% lên các box lưu thông",keep_with_reason,v1.0.0,"Kiểm tra ranh giới ignore_region ego_body theo R08/R09"
r2_qa,B3-center,adasind_167700.jpg,L6,L_only,WRONG_CLASS,,P1,qa,R04,"Xác nhận phân loại chính xác ThreeWheeler và bật truncated=true ở viền kính, tách biệt Bike và Pedestrian khi người dắt xe",keep_with_reason,v1.0.0,"Kiểm tra nhãn ThreeWheeler và ghép đôi rider/pedestrian theo R03/R04/R06"
r2_qa,B3-center,adasind_212280.jpg,L3,L_only,ATTRIBUTE,,P2,qa,R06,"Kiểm tra ngưỡng chiều cao H>=40px cho vật ở xa và xác nhận cờ truncated=true cho xe buýt bị cắt bởi viền kính fisheye",keep_with_reason,v1.0.0,"Kiểm tra thuộc tính truncated và ngưỡng chiều cao H>=40px theo R01/R06"
r1_craft,B3-center,adasind_152940.jpg,R2,na,MISSING,E1_annotator_error,P1,annotator,R01,"Xe máy (Bike) ở phía bên phải có chiều cao H>=40px bị bỏ sót trong bản r1_craft",rework,v1.0.0,"Cần gán lại box Bike R2 ở lượt rework"
r1_craft,B3-center,adasind_152940.jpg,R5,na,MISSING,E1_annotator_error,P2,annotator,R01,"Xe tải nhỏ ở trung tâm khung hình H>=40px chưa được gắn box",rework,v1.0.0,"Cần vẽ bổ sung box R5 ở lượt rework"
r1_craft,B3-center,adasind_152940.jpg,R6,na,MISSING,E1_annotator_error,P2,annotator,R01,"Phương tiện đỗ xa cạnh viền đường H>=40px bị sót",rework,v1.0.0,"Bổ sung box R6"
r1_craft,B3-center,adasind_167700.jpg,L8,na,IGNORE_SCOPE,E1_annotator_error,P1,annotator,R06,"Xe hai bánh đỗ xa ở góc phải nằm trong dải viền kính mờ",rework,v1.0.0,"Xem xét phạm vi ignore_region"
r1_craft,B3-center,adasind_167700.jpg,L9,na,IGNORE_SCOPE,E1_annotator_error,P1,annotator,R06,"Người đi bộ sát rìa ảnh bị chồng lên polygon lens_border",rework,v1.0.0,"Điều chỉnh viền nhãn"
r1_craft,B3-center,adasind_167700.jpg,L2+R4,na,WRONG_CLASS,E2_guideline_gap,P1,guideline,R04,"Nhầm lẫn giữa xe tải nhỏ (Truck) và ô tô con (Car) khi nhìn từ phía sau góc méo",escalate,v1.0.0,"Gửi ticket làm rõ quy định phân loại xe tải nhỏ dạng pickup"
r1_craft,B3-center,adasind_167700.jpg,L5+R9,na,BOX_GEOMETRY,E1_annotator_error,P2,annotator,R02,"Bounding box bị vẽ quá rộng so với thân xe fisheye thực tế",rework,v1.0.0,"Thu hẹp viền box bám đúng mép phương tiện"
r1_craft,B3-center,adasind_167700.jpg,R2,na,MISSING,E1_annotator_error,P1,annotator,R01,"Thiếu box cho xe tải nhỏ ở khu vực giữa hình",rework,v1.0.0,"Bổ sung box R2"
r1_craft,B3-center,adasind_167700.jpg,R8,na,MISSING,E1_annotator_error,P2,annotator,R01,"Thiếu box cho phương tiện ở góc phải",rework,v1.0.0,"Bổ sung box R8"
r3_diag,B3-center,adasind_152940.jpg,L3+R3,LR_noM,MISSING,E4_model_domain,P1,ai_team,R04,"Model M (YOLO26m) bỏ sót xe tải nhỏ (Truck) ở trung tâm do độ phân giải và hình dạng méo fisheye",keep_with_reason,v1.0.0,"Model domain gap do chưa được finetune trên ảnh fisheye"
r3_diag,B3-center,adasind_152940.jpg,R2+M2,RM_noL,MISSING,E1_annotator_error,P1,annotator,R01,"Annotator L bỏ sót xe máy R2 ở góc phải mà Model M và Reference R đều phát hiện",rework,v1.0.0,"Annotator cần gán bổ sung xe máy R2"
r3_diag,B3-center,adasind_152940.jpg,R5+M9,RM_noL,MISSING,E1_annotator_error,P2,annotator,R01,"Annotator L bỏ sót xe ở phía giữa hình",rework,v1.0.0,"Gán bổ sung R5"
r3_diag,B3-center,adasind_152940.jpg,R6,R_only,MISSING,E0_reference_defect,P2,qa,R01,"Reference R gán box R6 mờ ở mép xa H<40px, Annotator L không gán là đúng theo R01",keep_with_reason,v1.0.0,"Lỗi reference defect do gán vật dưới 40px"
r3_diag,B3-center,adasind_152940.jpg,M3,M_only,SPURIOUS,E4_model_domain,P2,ai_team,R06,"Model M dự đoán box giả (Spurious) trên vạch đường bãi đỗ xe",keep_with_reason,v1.0.0,"Model nhận diện lầm nhiễu nền"
r3_diag,B3-center,adasind_152940.jpg,M4,M_only,SPURIOUS,E4_model_domain,P2,ai_team,R06,"Model M phát hiện nhầm bóng phương tiện trên mặt đường",keep_with_reason,v1.0.0,"Model phát hiện nhầm bóng râm"
r3_diag,B3-center,adasind_152940.jpg,M7,M_only,SPURIOUS,E4_model_domain,P2,ai_team,R06,"Model M phát hiện box giả tại vùng viền lens_border",keep_with_reason,v1.0.0,"Model không nhận biết được ignore_region lens_border"
r3_diag,B3-center,adasind_152940.jpg,M8,M_only,SPURIOUS,E4_model_domain,P2,ai_team,R06,"Model M dự đoán nhầm bụi cây phía xa thành phương tiện",keep_with_reason,v1.0.0,"Model lầm cây cối thành xe"
r3_diag,B3-center,adasind_167700.jpg,L6+R6,LR_noM,MISSING,E4_model_domain,P0,ai_team,R04,"Model M bị mù hoàn toàn xe ba bánh ThreeWheeler sát rìa kính mắt cá (Edge zone) do góc cong biến dạng cực đại",keep_with_reason,v1.0.0,"Model domain failure tại Edge zone"
r3_diag,B3-center,adasind_167700.jpg,L3+R7,LR_noM,MISSING,E4_model_domain,P1,ai_team,R01,"Model M bỏ sót phương tiện nhỏ L3 ở phía xa trong khi L và R đều ghi nhận",keep_with_reason,v1.0.0,"Model bỏ sót vật nhỏ ở Mid zone"
r3_diag,B3-center,adasind_167700.jpg,L2,L_only,SPURIOUS,E1_annotator_error,P1,annotator,R04,"Annotator L tạo box L2 trùng lặp với xe tải phía sau",rework,v1.0.0,"Cần sửa box thừa ở lượt rework"
r3_diag,B3-center,adasind_167700.jpg,L5,L_only,SPURIOUS,E1_annotator_error,P1,annotator,R03,"Annotator L vẽ box L5 không ôm trọn người lái xe máy",rework,v1.0.0,"Cần gán lại box Bike trùm người lái theo R03"
r3_diag,B3-center,adasind_167700.jpg,R2+M7,RM_noL,MISSING,E1_annotator_error,P1,annotator,R01,"Annotator L thiếu box R2 ở dải giữa",rework,v1.0.0,"Cần bổ sung box R2"
r3_diag,B3-center,adasind_167700.jpg,R4+M4,RM_noL,MISSING,E1_annotator_error,P1,annotator,R04,"Annotator L không gán xe tải R4",rework,v1.0.0,"Bổ sung box R4"
r3_diag,B3-center,adasind_167700.jpg,R8+M9,RM_noL,MISSING,E1_annotator_error,P2,annotator,R01,"Annotator L bỏ sót box R8 sát lề",rework,v1.0.0,"Bổ sung box R8"
r3_diag,B3-center,adasind_167700.jpg,R9,R_only,MISSING,E0_reference_defect,P2,qa,R06,"Reference R gán box R9 vi phạm ranh giới lens_border",keep_with_reason,v1.0.0,"Lỗi reference defect gán đè vào vành kính"
r3_diag,B3-center,adasind_167700.jpg,M5,M_only,SPURIOUS,E4_model_domain,P2,ai_team,R06,"Model M dự đoán box giả ngoài không gian lưu thông",keep_with_reason,v1.0.0,"Model nhiễu nền"
r3_diag,B3-center,adasind_167700.jpg,M8,M_only,SPURIOUS,E4_model_domain,P2,ai_team,R06,"Model M dự đoán box giả tại lề đường",keep_with_reason,v1.0.0,"Model nhiễu mép ảnh"
r3_diag,B3-center,adasind_212280.jpg,L3+R3,LR_noM,MISSING,E4_model_domain,P0,ai_team,R04,"Model M bỏ sót xe buýt L3/R3 bị cắt bởi mép vành kính mắt cá (Edge zone)",keep_with_reason,v1.0.0,"Model domain gap trên vật thể bị truncated ở rìa kính fisheye"
r3_diag,B3-center,adasind_212280.jpg,M3,M_only,SPURIOUS,E4_model_domain,P2,ai_team,R06,"Model M tạo box giả trên cột điện góc trái",keep_with_reason,v1.0.0,"Model nhận diện lầm hạ tầng"
r3_diag,B3-center,adasind_212280.jpg,M5,M_only,SPURIOUS,E4_model_domain,P2,ai_team,R06,"Model M tạo box giả trên lùm cây phía sau",keep_with_reason,v1.0.0,"Model nhiễu cây cối"
r3_diag,B3-center,adasind_212280.jpg,M6,M_only,SPURIOUS,E4_model_domain,P2,ai_team,R06,"Model M nhận diện nhầm bóng nắng thành phương tiện",keep_with_reason,v1.0.0,"Model nhiễu ánh sáng"
